Workbook

Sheet Instrucciones
A1: Planilla de registro — Prueba de concepto (14 días)
A3: PRECONDICIONES TÉCNICAS (verificar antes del Día 0):
A4: · Sincronización de reloj: entrá desde el cel y desde la compu a https://time.is. Verificá que ambos difieren en menos de 2 segundos. Esto es crítico porque el sistema guarda timestamps del servidor de Neon y vos medís tiempo con el cel. Un drift mayor a 2 seg aparecería como desvío del sistema.
A5: · Test de conexión: hacer un primer escaneo de prueba con red normal antes de arrancar.
A6: · Contingencia: si un día no podés ejecutar, documentar como observación. NO rellenar con datos sintéticos.
A8: Este libro tiene una hoja por etapa. Al final de cada día, abrí la hoja de la etapa que corresponda y completá la fila del día.
A10: Etapa 2 (días 1 al 14): tasa de lectura del QR + duración media escaneo. Condición de luz precargada según rotación. Ver hoja "Etapa 2".
A11: Etapa 3 (días 3, 7 y 11): 3 mediciones de exactitud por día (mañana/tarde/noche) → 9 filas + cortes de red por día. Ver hoja "Etapa 3".
A12: Etapa 4 (días 12 y 13): equipos NUEVOS (BIC-071, BIC-072, VEN-18) creados desde /alta. Alerta AMP + MTBF con captura antes/después. Ver hoja "Etapa 4".
A14: Al finalizar, ver hoja "Resumen final". Los valores se vuelcan a los bloques verdes del TFI (§5.5).
A16: Definiciones operativas:
A17: · Duración media escaneo: tiempo desde que el QR aparece en foco de la cámara hasta que aparece el mensaje verde de confirmación. Cronometrar con otra app en el cel. Promediar al menos 5 escaneos consecutivos.
... A24: Valores esperados de la planilla (95%, 3seg, etc.) son criterios operativos propuestos por la autora, no estándares formales. Su cumplimiento se interpreta como éxito operativo del sistema.

Sheet Etapa 2
A1: Día | B1: Fecha (AAAA-MM-DD) | C1: Condición de luz | D1: Escaneos intentados (n) | E1: Escaneos exitosos (n) | F1: Tasa de lectura QR (%) | G1: Duración media escaneo (seg) | H1: Observaciones
A2: Día 1 | C2: Natural | F2: =IFERROR(E2/D2*100,"")
A3: Día 2 | C3: Artificial | F3: =IFERROR(E3/D3*100,"")
A4: Día 3 | C4: Baja | F4: =IFERROR(E4/D4*100,"")
A5: Día 4 | C5: Natural | F5: =IFERROR(E5/D5*100,"")
A6: Día 5 | C6: Artificial | F6: =IFERROR(E6/D6*100,"")
A7: Día 6 | C7: Baja | F7: =IFERROR(E7/D7*100,"")
A8: Día 7 | C8: Natural | F8: =IFERROR(E8/D8*100,"")
A9: Día 8 | C9: Artificial | F9: =IFERROR(E9/D9*100,"")
A10: Día 9 | C10: Baja | F10: =IFERROR(E10/D10*100,"")
A11: Día 10 | C11: Natural | F11: =IFERROR(E11/D11*100,"")
A12: Día 11 | C12: Artificial | F12: =IFERROR(E12/D12*100,"")
A13: Día 12 | C13: Baja | F13: =IFERROR(E13/D13*100,"")
... A15: Día 14 | C15: Artificial | F15: =IFERROR(E15/D15*100,"")

Sheet Etapa 3 - Exactitud
A1: Día | B1: Turno | C1: Fecha | D1: Equipo usado | E1: Hora ACTIVAR (HH:MM:SS) | F1: Hora DESACTIVAR (HH:MM:SS) | G1: Minutos reales transcurridos | H1: Horas reales (÷60) | I1: Horas del sistema (del detalle) | J1: Desvío absoluto (h) | K1: Desvío (%) | L1: Observaciones
A2: Día 3 | B2: mañana | D2: MON-06 | H2: =IFERROR(G2/60,"") | J2: =IFERROR(I2-H2,"") | K2: =IFERROR((I2-H2)/H2*100,"")
A3: Día 3 | B3: tarde | H3: =IFERROR(G3/60,"") | J3: =IFERROR(I3-H3,"") | K3: =IFERROR((I3-H3)/H3*100,"")
A4: Día 3 | B4: noche | H4: =IFERROR(G4/60,"") | J4: =IFERROR(I4-H4,"") | K4: =IFERROR((I4-H4)/H4*100,"")
A5: Día 7 | B5: mañana | D5: BIC-005 | H5: =IFERROR(G5/60,"") | J5: =IFERROR(I5-H5,"") | K5: =IFERROR((I5-H5)/H5*100,"")
A6: Día 7 | B6: tarde | H6: =IFERROR(G6/60,"") | J6: =IFERROR(I6-H6,"") | K6: =IFERROR((I6-H6)/H6*100,"")
A7: Día 7 | B7: noche | H7: =IFERROR(G7/60,"") | J7: =IFERROR(I7-H7,"") | K7: =IFERROR((I7-H7)/H7*100,"")
A8: Día 11 | B8: mañana | D8: MON-09 | H8: =IFERROR(G8/60,"") | J8: =IFERROR(I8-H8,"") | K8: =IFERROR((I8-H8)/H8*100,"")
A9: Día 11 | B9: tarde | H9: =IFERROR(G9/60,"") | J9: =IFERROR(I9-H9,"") | K9: =IFERROR((I9-H9)/H9*100,"")
A10: Día 11 | B10: noche | H10: =IFERROR(G10/60,"") | J10: =IFERROR(I10-H10,"") | K10: =IFERROR((I10-H10)/H10*100,"")

Sheet Etapa 3 - Red
A1: Día | B1: Fecha | C1: Cortes forzados (n) | D1: Registros perdidos (n) | E1: Latencia media reintento (seg) | F1: Observaciones
A2: Día 3 | C2: 5
A3: Día 7 | C3: 5
A4: Día 11 | C4: 5

Sheet Etapa 4 - Alertas
A1: Día 12 — Alertas AMP y Vencido con equipo NUEVO BIC-071 (creado desde /alta)
A2: Precondición: dar de alta BIC-071 con tipo=bomba_infusion, umbral_horas=5000, horas_iniciales=0
A4: Prueba | B4: Horas objetivo | C4: Alerta disparada (S/N) | D4: Tiempo hasta el disparo (seg) | E4: Video (nombre archivo)
A5: AMP (aviso 80%) | B5: 4100
A6: Vencido (100%) | B6: 5100

Sheet Etapa 4 - MTBF
A1: Día 13 — MTBF con captura ANTES/DESPUÉS (equipo VEN-18 nuevo)
A2: Precondición: dar de alta VEN-18 con tipo=ventilador, umbral_horas=6000, horas_iniciales=0
A4: Momento | B4: MTBF ventilador (h) | C4: MTBF monitor (h) | D4: MTBF bomba (h) | E4: Captura (archivo)
A5: ANTES de cargar | E5: mtbf_antes.png
A6: Acción: /prueba → Fallas sintéticas → VEN-18, cantidad=4, dias_rango=20
A7: DESPUÉS | E7: mtbf_despues.png

Sheet Etapa 4 - Falla y reset
A1: Día 13 — Registro programático de falla (BIC-072) + reseteo final
A2: Precondición: dar de alta BIC-072 con tipo=bomba_infusion, umbral_horas=5000, horas_iniciales=0
A4: Registro programático de falla
A5: Falla registrada con origen=real (S/N)
A6: Equipo pasó a estado 'En falla o mantenimiento' en tablero (S/N)
A7: Observaciones
A9: Reseteo final (dejar tablero limpio para capturas del TFI)
A10: BIC-071 reseteado (mantenimiento correctivo o baja lógica)
A11: BIC-072 reseteado
A12: VEN-18 reseteado

Sheet Resumen final
A1: Resumen final — valores para el TFI (§5.5)
A3: Indicador | B3: Valor esperado | C3: Valor obtenido | D3: Fuente / cálculo
A4: Tasa de lectura correcta del QR (promedio 14 días) | B4: ≥ 95 % | C4: =IFERROR(AVERAGE('Etapa 2'!F2:F15),"") | D4: Promedio de "Tasa de lectura QR (%)" de Etapa 2.
A5: Duración media del escaneo (promedio 14 días) | B5: ≤ 3 seg | C5: =IFERROR(AVERAGE('Etapa 2'!G2:G15),"") | D5: Promedio de "Duración media escaneo" de Etapa 2.
A6: Escaneos totales ejecutados | B6: N | C6: =IFERROR(SUM('Etapa 2'!D2:D15),"") | D6: Suma de escaneos intentados en Etapa 2.
A7: Cortes de red forzados (total, 3 días) | B7: ≥ 15 | C7: =IFERROR(SUM('Etapa 3 - Red'!C2:C4),"") | D7: 5 cortes por día en días 3, 7 y 11 (esperado 15).
A8: Registros perdidos por cortes de red (total) | B8: 0 | C8: =IFERROR(SUM('Etapa 3 - Red'!D2:D4),"") | D8: Suma de registros perdidos en Etapa 3 - Red.
A9: Latencia media reintento de red | B9: ≤ 10 seg | C9: =IFERROR(AVERAGE('Etapa 3 - Red'!E2:E4),"") | D9: Promedio de latencia en Etapa 3 - Red.
A10: Mediciones de exactitud de horas (N) | B10: 9 | C10: =IFERROR(COUNT('Etapa 3 - Exactitud'!K2:K10),"") | D10: 3 mediciones/día x 3 días = 9 mediciones (Etapa 3 - Exactitud).
A11: Desvío promedio en acumulación de horas (N=9) | B11: ≤ 1 % | C11: =IFERROR(AVERAGE('Etapa 3 - Exactitud'!K2:K10),"") | D11: Promedio de desvíos absolutos de la Etapa 3 - Exactitud.
A12: Desvío máximo en acumulación de horas | B12: ≤ 2 % | C12: =IFERROR(MAX('Etapa 3 - Exactitud'!K2:K10),"") | D12: Máximo desvío observado.
A13: Alerta AMP disparada al 80% del umbral (BIC-071) | B13: Sí | D13: Ver Etapa 4 - Alertas — completar manualmente.
A14: Alerta Vencido disparada al 100% (BIC-071) | B14: Sí | D14: Ver Etapa 4 - Alertas — completar manualmente.
A15: MTBF calculable después de cargar fallas sintéticas | B15: Sí | D15: Ver Etapa 4 - MTBF (comparar antes/después).
A16: Registro programático de falla real (BIC-072) | B16: Sí, origen=real | D16: Ver Etapa 4 - Falla y reset.
